{
  "animes": {
    "Naruto": {
      "image": "https://cdn.myanimelist.net/images/anime/13/17405l.jpg",
      "Season": [
        {
          "number": 1,
          "name": "Naruto (Original Series)",
          "max_episodes": 220
        },
        {
          "number": 2,
          "name": "Naruto Shippuden",
          "max_episodes": 500
        }
      ],
      "Movie": [
        {
          "number": 1,
          "name": "Ninja Clash in the Land of Snow",
          "max_episodes": 1
        },
        {
          "number": 2,
          "name": "Legend of the Stone of Gelel",
          "max_episodes": 1
        },
        {
          "number": 3,
          "name": "Guardians of the Crescent Moon Kingdom",
          "max_episodes": 1
        },
        {
          "number": 4,
          "name": "Naruto Shippuden the Movie",
          "max_episodes": 1
        },
        {
          "number": 5,
          "name": "Bonds",
          "max_episodes": 1
        },
        {
          "number": 6,
          "name": "The Will of Fire",
          "max_episodes": 1
        },
        {
          "number": 7,
          "name": "The Lost Tower",
          "max_episodes": 1
        },
        {
          "number": 8,
          "name": "Blood Prison",
          "max_episodes": 1
        },
        {
          "number": 9,
          "name": "Road to Ninja",
          "max_episodes": 1
        },
        {
          "number": 10,
          "name": "The Last",
          "max_episodes": 1
        }
      ],
      "OAV": [
        {
          "number": 1,
          "name": "Find the Crimson Four-Leaf Clover!",
          "max_episodes": 1
        },
        {
          "number": 2,
          "name": "Mission: Protect the Waterfall Village!",
          "max_episodes": 1
        }
      ],
      "Scan": [
        {
          "number": 1,
          "name": "Naruto Manga",
          "max_episodes": 700
        }
      ]
    },
    "One Piece": {
      "image": "https://cdn.myanimelist.net/images/anime/1244/138851l.jpg",
      "Season": [
        {
          "number": 1,
          "name": "Saga 1: East Blue",
          "max_episodes": 61
        },
        {
          "number": 2,
          "name": "Saga 2: Alabasta",
          "max_episodes": 74
        },
        {
          "number": 3,
          "name": "Saga 3: Sky Island",
          "max_episodes": 71
        },
        {
          "number": 4,
          "name": "Saga 4: Water 7 / Enies Lobby",
          "max_episodes": 119
        },
        {
          "number": 5,
          "name": "Saga 5: Thriller Bark",
          "max_episodes": 58
        },
        {
          "number": 6,
          "name": "Saga 6: Summit War (Sabaody/Impel Down/Marineford)",
          "max_episodes": 177
        },
        {
          "number": 7,
          "name": "Saga 7: Fish-Man Island",
          "max_episodes": 62
        },
        {
          "number": 8,
          "name": "Saga 8: Dressrosa",
          "max_episodes": 158
        },
        {
          "number": 9,
          "name": "Saga 9: Whole Cake Island",
          "max_episodes": 131
        },
        {
          "number": 10,
          "name": "Saga 10: Wano Country",
          "max_episodes": 197
        },
        {
          "number": 11,
          "name": "Saga 11: Final Saga (Egghead Arc - Airing)",
          "max_episodes": 23
        }
      ],
      "Movie": [
        {
          "number": 1,
          "name": "One Piece: The Movie",
          "max_episodes": 1
        },
        {
          "number": 2,
          "name": "Clockwork Island Adventure",
          "max_episodes": 1
        },
        {
          "number": 3,
          "name": "Chopper's Kingdom on the Island of Strange Animals",
          "max_episodes": 1
        },
        {
          "number": 4,
          "name": "Dead End Adventure",
          "max_episodes": 1
        },
        {
          "number": 5,
          "name": "The Cursed Holy Sword",
          "max_episodes": 1
        },
        {
          "number": 6,
          "name": "Baron Omatsuri and the Secret Island",
          "max_episodes": 1
        },
        {
          "number": 7,
          "name": "The Giant Mechanical Soldier of Karakuri Castle",
          "max_episodes": 1
        },
        {
          "number": 10,
          "name": "Strong World",
          "max_episodes": 1
        },
        {
          "number": 11,
          "name": "One Piece 3D: Straw Hat Chase",
          "max_episodes": 1
        },
        {
          "number": 12,
          "name": "Film Z",
          "max_episodes": 1
        },
        {
          "number": 13,
          "name": "Film Gold",
          "max_episodes": 1
        },
        {
          "number": 14,
          "name": "Stampede",
          "max_episodes": 1
        },
        {
          "number": 15,
          "name": "Film: Red",
          "max_episodes": 1
        }
      ],
      "Special": [
        {
          "number": 1,
          "name": "Adventure of Nebulandia",
          "max_episodes": 1
        },
        {
          "number": 2,
          "name": "Heart of Gold",
          "max_episodes": 1
        },
        {
          "number": 3,
          "name": "Episode of East Blue: Luffy and His 4 Crewmates' Big Adventure",
          "max_episodes": 1
        },
        {
          "number": 4,
          "name": "Episode of Skypiea",
          "max_episodes": 1
        }
      ],
      "OAV": [
        {
          "number": 1,
          "name": "Defeat Him! The Pirate Ganzack",
          "max_episodes": 1
        }
      ],
      "Scan": [
        {
          "number": 1,
          "name": "One Piece Manga",
          "max_episodes": 1125
        }
      ]
    },
    "Bleach": {
      "image": "https://cdn.myanimelist.net/images/anime/1764/126627l.jpg",
      "Season": [
        {
          "number": 1,
          "name": "Agent of the Shinigami arc",
          "max_episodes": 20
        },
        {
          "number": 2,
          "name": "Soul Society: The Sneak Entry arc",
          "max_episodes": 21
        },
        {
          "number": 3,
          "name": "Soul Society: The Rescue arc",
          "max_episodes": 22
        },
        {
          "number": 4,
          "name": "The Bount arc (Filler)",
          "max_episodes": 28
        },
        {
          "number": 5,
          "name": "Bount Assault on Soul Society arc (Filler)",
          "max_episodes": 18
        },
        {
          "number": 6,
          "name": "Arrancar: The Arrival arc",
          "max_episodes": 22
        },
        {
          "number": 7,
          "name": "Arrancar: The Hueco Mundo Sneak Entry arc",
          "max_episodes": 20
        },
        {
          "number": 8,
          "name": "Arrancar: The Fierce Fight arc",
          "max_episodes": 16
        },
        {
          "number": 9,
          "name": "The New Captain Shūsuke Amagai arc (Filler)",
          "max_episodes": 22
        },
        {
          "number": 10,
          "name": "Arrancar vs. Shinigami arc",
          "max_episodes": 16
        },
        {
          "number": 11,
          "name": "The Past arc",
          "max_episodes": 7
        },
        {
          "number": 12,
          "name": "Arrancar: Battle in Karakura arc",
          "max_episodes": 17
        },
        {
          "number": 13,
          "name": "Zanpakutō: The Alternate Tale arc (Filler)",
          "max_episodes": 36
        },
        {
          "number": 14,
          "name": "Arrancar: Downfall arc",
          "max_episodes": 51
        },
        {
          "number": 15,
          "name": "Gotei 13 Invading Army arc (Filler)",
          "max_episodes": 26
        },
        {
          "number": 16,
          "name": "The Lost Substitute Shinigami arc",
          "max_episodes": 24
        },
        {
          "number": 17,
          "name": "Thousand-Year Blood War",
          "max_episodes": 13
        },
        {
          "number": 18,
          "name": "Thousand-Year Blood War - The Separation",
          "max_episodes": 13
        }
      ],
      "Movie": [
        {
          "number": 1,
          "name": "Memories of Nobody",
          "max_episodes": 1
        },
        {
          "number": 2,
          "name": "The DiamondDust Rebellion",
          "max_episodes": 1
        },
        {
          "number": 3,
          "name": "Fade to Black",
          "max_episodes": 1
        },
        {
          "number": 4,
          "name": "Hell Verse",
          "max_episodes": 1
        }
      ],
      "OAV": [
        {
          "number": 1,
          "name": "Memories in the Rain",
          "max_episodes": 1
        },
        {
          "number": 2,
          "name": "The Sealed Sword Frenzy",
          "max_episodes": 1
        }
      ],
      "Scan": [
        {
          "number": 1,
          "name": "Bleach Manga",
          "max_episodes": 686
        }
      ]
    },
    "Attack on Titan": {
      "image": "https://cdn.myanimelist.net/images/anime/10/47347l.jpg",
      "Season": [
        {
          "number": 1,
          "name": "Season 1",
          "max_episodes": 25
        },
        {
          "number": 2,
          "name": "Season 2",
          "max_episodes": 12
        },
        {
          "number": 3,
          "name": "Season 3 Part 1",
          "max_episodes": 12
        },
        {
          "number": 4,
          "name": "Season 3 Part 2",
          "max_episodes": 10
        },
        {
          "number": 5,
          "name": "Final Season Part 1",
          "max_episodes": 16
        },
        {
          "number": 6,
          "name": "Final Season Part 2",
          "max_episodes": 12
        },
        {
          "number": 7,
          "name": "Final Season The Final Chapters: Special 1",
          "max_episodes": 1
        },
        {
          "number": 8,
          "name": "Final Season The Final Chapters: Special 2",
          "max_episodes": 1
        }
      ],
      "OAV": [
        {
          "number": 1,
          "name": "Ilse's Notebook: Memoirs of a Scout Regiment Member",
          "max_episodes": 1
        },
        {
          "number": 2,
          "name": "The Sudden Visitor: The Torturous Curse of Youth",
          "max_episodes": 1
        },
        {
          "number": 3,
          "name": "Distress",
          "max_episodes": 1
        },
        {
          "number": 4,
          "name": "No Regrets: Part 1",
          "max_episodes": 1
        },
        {
          "number": 5,
          "name": "No Regrets: Part 2",
          "max_episodes": 1
        },
        {
          "number": 6,
          "name": "Lost Girls: Wall Sina, Goodbye (Part 1)",
          "max_episodes": 1
        },
        {
          "number": 7,
          "name": "Lost Girls: Wall Sina, Goodbye (Part 2)",
          "max_episodes": 1
        },
        {
          "number": 8,
          "name": "Lost Girls: Lost in the Cruel World",
          "max_episodes": 1
        }
      ],
      "Scan": [
        {
          "number": 1,
          "name": "Attack on Titan Manga",
          "max_episodes": 139
        }
      ]
    },
    "Death Note": {
      "image": "https://cdn.myanimelist.net/images/anime/9/9453l.jpg",
      "Season": [
        {
          "number": 1,
          "name": "Death Note",
          "max_episodes": 37
        }
      ],
      "Special": [
        {
          "number": 1,
          "name": "Relight 1: Visions of a God",
          "max_episodes": 1
        },
        {
          "number": 2,
          "name": "Relight 2: L's Successors",
          "max_episodes": 1
        }
      ],
      "Scan": [
        {
          "number": 1,
          "name": "Death Note Manga",
          "max_episodes": 108
        }
      ]
    },
    "Fullmetal Alchemist: Brotherhood": {
      "image": "https://cdn.myanimelist.net/images/anime/1208/94745l.jpg",
      "Season": [
        {
          "number": 1,
          "name": "Fullmetal Alchemist: Brotherhood",
          "max_episodes": 64
        }
      ],
      "Movie": [
        {
          "number": 1,
          "name": "The Sacred Star of Milos",
          "max_episodes": 1
        }
      ],
      "Special": [
        {
          "number": 1,
          "name": "The Blind Alchemist",
          "max_episodes": 1
        },
        {
          "number": 2,
          "name": "Simple People",
          "max_episodes": 1
        },
        {
          "number": 3,
          "name": "The Tale of Teacher",
          "max_episodes": 1
        },
        {
          "number": 4,
          "name": "Yet Another Man's Battlefield",
          "max_episodes": 1
        }
      ],
      "Scan": [
        {
          "number": 1,
          "name": "Fullmetal Alchemist Manga",
          "max_episodes": 108
        }
      ]
    },
    "Demon Slayer: Kimetsu no Yaiba": {
      "image": "https://cdn.myanimelist.net/images/anime/1286/99889l.jpg",
      "Season": [
        {
          "number": 1,
          "name": "Tanjiro Kamado, Unwavering Resolve Arc",
          "max_episodes": 26
        },
        {
          "number": 2,
          "name": "Entertainment District Arc",
          "max_episodes": 11
        },
        {
          "number": 3,
          "name": "Swordsmith Village Arc",
          "max_episodes": 11
        },
        {
          "number": 4,
          "name": "Hashira Training Arc",
          "max_episodes": 8
        }
      ],
      "Movie": [
        {
          "number": 1,
          "name": "Mugen Train",
          "max_episodes": 1
        }
      ],
      "Scan": [
        {
          "number": 1,
          "name": "Demon Slayer Manga",
          "max_episodes": 205
        }
      ]
    },
    "Jujutsu Kaisen": {
      "image": "https://cdn.myanimelist.net/images/anime/1792/138022l.jpg",
      "Season": [
        {
          "number": 1,
          "name": "Season 1",
          "max_episodes": 24
        },
        {
          "number": 2,
          "name": "Season 2 (Hidden Inventory / Premature Death / Shibuya Incident)",
          "max_episodes": 23
        }
      ],
      "Movie": [
        {
          "number": 0,
          "name": "Jujutsu Kaisen 0",
          "max_episodes": 1
        }
      ],
      "Scan": [
        {
          "number": 1,
          "name": "Jujutsu Kaisen Manga",
          "max_episodes": 262
        }
      ]
    },
    "My Hero Academia": {
      "image": "https://cdn.myanimelist.net/images/anime/10/78745l.jpg",
      "Season": [
        {
          "number": 1,
          "name": "Season 1",
          "max_episodes": 13
        },
        {
          "number": 2,
          "name": "Season 2",
          "max_episodes": 25
        },
        {
          "number": 3,
          "name": "Season 3",
          "max_episodes": 25
        },
        {
          "number": 4,
          "name": "Season 4",
          "max_episodes": 25
        },
        {
          "number": 5,
          "name": "Season 5",
          "max_episodes": 25
        },
        {
          "number": 6,
          "name": "Season 6",
          "max_episodes": 25
        },
        {
          "number": 7,
          "name": "Season 7",
          "max_episodes": 21
        }
      ],
      "Movie": [
        {
          "number": 1,
          "name": "Two Heroes",
          "max_episodes": 1
        },
        {
          "number": 2,
          "name": "Heroes: Rising",
          "max_episodes": 1
        },
        {
          "number": 3,
          "name": "World Heroes' Mission",
          "max_episodes": 1
        },
        {
          "number": 4,
          "name": "You're Next",
          "max_episodes": 1
        }
      ],
      "OAV": [
        {
          "number": 1,
          "name": "Save! Rescue Training!",
          "max_episodes": 1
        },
        {
          "number": 2,
          "name": "Training of the Dead",
          "max_episodes": 1
        },
        {
          "number": 3,
          "name": "All Might: Rising The Animation",
          "max_episodes": 1
        },
        {
          "number": 4,
          "name": "Make It! Do-or-Die Survival Training (Part 1)",
          "max_episodes": 1
        },
        {
          "number": 5,
          "name": "Make It! Do-or-Die Survival Training (Part 2)",
          "max_episodes": 1
        },
        {
          "number": 6,
          "name": "HLB (Hero League Baseball)",
          "max_episodes": 1
        },
        {
          "number": 7,
          "name": "Laugh! As If You Are in Hell",
          "max_episodes": 1
        }
      ],
      "Scan": [
        {
          "number": 1,
          "name": "My Hero Academia Manga",
          "max_episodes": 425
        }
      ]
    },
    "Hunter x Hunter (2011)": {
      "image": "https://cdn.myanimelist.net/images/anime/1337/99013l.jpg",
      "Season": [
        {
          "number": 1,
          "name": "Hunter Exam arc",
          "max_episodes": 26
        },
        {
          "number": 2,
          "name": "Heavens Arena arc",
          "max_episodes": 12
        },
        {
          "number": 3,
          "name": "Phantom Troupe arc (Yorknew City)",
          "max_episodes": 20
        },
        {
          "number": 4,
          "name": "Greed Island arc",
          "max_episodes": 17
        },
        {
          "number": 5,
          "name": "Chimera Ant arc",
          "max_episodes": 61
        },
        {
          "number": 6,
          "name": "Election arc",
          "max_episodes": 12
        }
      ],
      "Movie": [
        {
          "number": 1,
          "name": "Phantom Rouge",
          "max_episodes": 1
        },
        {
          "number": 2,
          "name": "The Last Mission",
          "max_episodes": 1
        }
      ],
      "Scan": [
        {
          "number": 1,
          "name": "Hunter x Hunter Manga",
          "max_episodes": 400
        }
      ]
    },
    "Cowboy Bebop": {
      "image": "https://cdn.myanimelist.net/images/anime/4/19644l.jpg",
      "Season": [
        {
          "number": 1,
          "name": "Cowboy Bebop",
          "max_episodes": 26
        }
      ],
      "Movie": [
        {
          "number": 1,
          "name": "Knockin' on Heaven's Door",
          "max_episodes": 1
        }
      ]
    },
    "Neon Genesis Evangelion": {
      "image": "https://cdn.myanimelist.net/images/anime/1314/108941l.jpg",
      "Season": [
        {
          "number": 1,
          "name": "Neon Genesis Evangelion",
          "max_episodes": 26
        }
      ],
      "Movie": [
        {
          "number": 1,
          "name": "Death & Rebirth",
          "max_episodes": 1
        },
        {
          "number": 2,
          "name": "The End of Evangelion",
          "max_episodes": 1
        },
        {
          "number": 3,
          "name": "Rebuild 1.0: You Are (Not) Alone.",
          "max_episodes": 1
        },
        {
          "number": 4,
          "name": "Rebuild 2.0: You Can (Not) Advance.",
          "max_episodes": 1
        },
        {
          "number": 5,
          "name": "Rebuild 3.0: You Can (Not) Redo.",
          "max_episodes": 1
        },
        {
          "number": 6,
          "name": "Rebuild 3.0+1.0: Thrice Upon a Time.",
          "max_episodes": 1
        }
      ],
      "Scan": [
        {
          "number": 1,
          "name": "Neon Genesis Evangelion Manga",
          "max_episodes": 96
        }
      ]
    },
    "Code Geass": {
      "image": "https://cdn.myanimelist.net/images/anime/5/50331l.jpg",
      "Season": [
        {
          "number": 1,
          "name": "Lelouch of the Rebellion",
          "max_episodes": 25
        },
        {
          "number": 2,
          "name": "Lelouch of the Rebellion R2",
          "max_episodes": 25
        }
      ],
      "Movie": [
        {
          "number": 1,
          "name": "Lelouch of the Re;surrection",
          "max_episodes": 1
        }
      ],
      "OAV": [
        {
          "number": 1,
          "name": "Akito the Exiled: The Wyvern Arrives",
          "max_episodes": 1
        },
        {
          "number": 2,
          "name": "Akito the Exiled: The Wyvern Divided",
          "max_episodes": 1
        },
        {
          "number": 3,
          "name": "Akito the Exiled: The Brightness Falls",
          "max_episodes": 1
        },
        {
          "number": 4,
          "name": "Akito the Exiled: Memories of Hatred",
          "max_episodes": 1
        },
        {
          "number": 5,
          "name": "Akito the Exiled: To Beloved Ones",
          "max_episodes": 1
        },
        {
          "number": 6,
          "name": "Nunnally in Wonderland",
          "max_episodes": 1
        }
      ],
      "Special": [
        {
          "number": 1,
          "name": "Initiation (Recap Movie 1)",
          "max_episodes": 1
        },
        {
          "number": 2,
          "name": "Transgression (Recap Movie 2)",
          "max_episodes": 1
        },
        {
          "number": 3,
          "name": "Glorification (Recap Movie 3)",
          "max_episodes": 1
        }
      ],
      "Scan": [
        {
          "number": 1,
          "name": "Code Geass Manga",
          "max_episodes": 40
        }
      ]
    },
    "Sword Art Online": {
      "image": "https://cdn.myanimelist.net/images/anime/11/39717l.jpg",
      "Season": [
        {
          "number": 1,
          "name": "Season 1 (Aincrad/Fairy Dance)",
          "max_episodes": 25
        },
        {
          "number": 2,
          "name": "Season 2 (Phantom Bullet/Calibur/Mother's Rosario)",
          "max_episodes": 24
        },
        {
          "number": 3,
          "name": "Alicization",
          "max_episodes": 24
        },
        {
          "number": 4,
          "name": "Alicization - War of Underworld Part 1",
          "max_episodes": 12
        },
        {
          "number": 5,
          "name": "Alicization - War of Underworld Part 2",
          "max_episodes": 11
        }
      ],
      "Movie": [
        {
          "number": 1,
          "name": "Ordinal Scale",
          "max_episodes": 1
        },
        {
          "number": 2,
          "name": "Progressive: Aria of a Starless Night",
          "max_episodes": 1
        },
        {
          "number": 3,
          "name": "Progressive: Scherzo of Deep Night",
          "max_episodes": 1
        }
      ],
      "Special": [
        {
          "number": 1,
          "name": "Extra Edition",
          "max_episodes": 1
        }
      ],
      "Non-Canon": [
        {
          "number": 1,
          "name": "Alternative Gun Gale Online",
          "max_episodes": 12
        }
      ],
      "Scan": [
        {
          "number": 1,
          "name": "Sword Art Online Light Novels",
          "max_episodes": 27
        }
      ]
    },
    "Psycho-Pass": {
      "image": "https://cdn.myanimelist.net/images/anime/5/43399l.jpg",
      "Season": [
        {
          "number": 1,
          "name": "Season 1",
          "max_episodes": 22
        },
        {
          "number": 2,
          "name": "Season 2",
          "max_episodes": 11
        },
        {
          "number": 3,
          "name": "Season 3",
          "max_episodes": 8
        }
      ],
      "Movie": [
        {
          "number": 1,
          "name": "Psycho-Pass: The Movie",
          "max_episodes": 1
        },
        {
          "number": 2,
          "name": "Sinners of the System: Case.1 Crime and Punishment",
          "max_episodes": 1
        },
        {
          "number": 3,
          "name": "Sinners of the System: Case.2 First Guardian",
          "max_episodes": 1
        },
        {
          "number": 4,
          "name": "Sinners of the System: Case.3 On the Other Side of Love and Hate",
          "max_episodes": 1
        },
        {
          "number": 5,
          "name": "Psycho-Pass 3: First Inspector",
          "max_episodes": 1
        },
        {
          "number": 6,
          "name": "Psycho-Pass Providence",
          "max_episodes": 1
        }
      ]
    },
    "Haikyu!!": {
      "image": "https://cdn.myanimelist.net/images/anime/7/76014l.jpg",
      "Season": [
        {
          "number": 1,
          "name": "Season 1",
          "max_episodes": 25
        },
        {
          "number": 2,
          "name": "Season 2",
          "max_episodes": 25
        },
        {
          "number": 3,
          "name": "Season 3: Karasuno High vs Shiratorizawa Academy",
          "max_episodes": 10
        },
        {
          "number": 4,
          "name": "Season 4: To the Top Part 1",
          "max_episodes": 13
        },
        {
          "number": 5,
          "name": "Season 4: To the Top Part 2",
          "max_episodes": 12
        }
      ],
      "Movie": [
        {
          "number": 1,
          "name": "The End and the Beginning (Recap 1)",
          "max_episodes": 1
        },
        {
          "number": 2,
          "name": "The Winner and the Loser (Recap 2)",
          "max_episodes": 1
        },
        {
          "number": 3,
          "name": "Talent and Sense (Recap 3)",
          "max_episodes": 1
        },
        {
          "number": 4,
          "name": "Battle of Concepts (Recap 4)",
          "max_episodes": 1
        },
        {
          "number": 5,
          "name": "The Dumpster Battle",
          "max_episodes": 1
        }
      ],
      "OAV": [
        {
          "number": 1,
          "name": "Lev Genzan!",
          "max_episodes": 1
        },
        {
          "number": 2,
          "name": "VS Akaten",
          "max_episodes": 1
        },
        {
          "number": 3,
          "name": "Special Feature! Betting on the Spring High Volleyball",
          "max_episodes": 1
        },
        {
          "number": 4,
          "name": "Land vs. Sky",
          "max_episodes": 1
        },
        {
          "number": 5,
          "name": "The Path of the Ball",
          "max_episodes": 1
        }
      ],
      "Scan": [
        {
          "number": 1,
          "name": "Haikyu!! Manga",
          "max_episodes": 402
        }
      ]
    },
    "One Punch Man": {
      "image": "https://cdn.myanimelist.net/images/anime/12/76049l.jpg",
      "Season": [
        {
          "number": 1,
          "name": "Season 1",
          "max_episodes": 12
        },
        {
          "number": 2,
          "name": "Season 2",
          "max_episodes": 12
        }
      ],
      "OAV": [
        {
          "number": 1,
          "name": "Road to Hero",
          "max_episodes": 1
        },
        {
          "number": 2,
          "name": "Specials (Season 1)",
          "max_episodes": 6
        },
        {
          "number": 3,
          "name": "Specials (Season 2)",
          "max_episodes": 6
        }
      ],
      "Scan": [
        {
          "number": 1,
          "name": "One Punch Man Manga",
          "max_episodes": 215
        }
      ]
    },
    "JoJo's Bizarre Adventure": {
      "image": "https://cdn.myanimelist.net/images/anime/3/40409l.jpg",
      "Season": [
        {
          "number": 1,
          "name": "Part 1: Phantom Blood",
          "max_episodes": 9
        },
        {
          "number": 2,
          "name": "Part 2: Battle Tendency",
          "max_episodes": 17
        },
        {
          "number": 3,
          "name": "Part 3: Stardust Crusaders",
          "max_episodes": 24
        },
        {
          "number": 4,
          "name": "Part 3: Stardust Crusaders - Battle in Egypt",
          "max_episodes": 24
        },
        {
          "number": 5,
          "name": "Part 4: Diamond is Unbreakable",
          "max_episodes": 39
        },
        {
          "number": 6,
          "name": "Part 5: Golden Wind",
          "max_episodes": 39
        },
        {
          "number": 7,
          "name": "Part 6: Stone Ocean Part 1",
          "max_episodes": 12
        },
        {
          "number": 8,
          "name": "Part 6: Stone Ocean Part 2",
          "max_episodes": 12
        },
        {
          "number": 9,
          "name": "Part 6: Stone Ocean Part 3",
          "max_episodes": 14
        }
      ],
      "OAV": [
        {
          "number": 1,
          "name": "Thus Spoke Kishibe Rohan",
          "max_episodes": 4
        }
      ],
      "Scan": [
        {
          "number": 1,
          "name": "JoJo Part 1 Manga",
          "max_episodes": 44
        },
        {
          "number": 2,
          "name": "JoJo Part 2 Manga",
          "max_episodes": 69
        },
        {
          "number": 3,
          "name": "JoJo Part 3 Manga",
          "max_episodes": 152
        },
        {
          "number": 4,
          "name": "JoJo Part 4 Manga",
          "max_episodes": 174
        },
        {
          "number": 5,
          "name": "JoJo Part 5 Manga",
          "max_episodes": 155
        },
        {
          "number": 6,
          "name": "JoJo Part 6 Manga",
          "max_episodes": 158
        }
      ]
    },
    "Your Lie in April": {
      "image": "https://cdn.myanimelist.net/images/anime/3/67177l.jpg",
      "Season": [
        {
          "number": 1,
          "name": "Your Lie in April",
          "max_episodes": 22
        }
      ],
      "OAV": [
        {
          "number": 1,
          "name": "Moments",
          "max_episodes": 1
        }
      ],
      "Scan": [
        {
          "number": 1,
          "name": "Your Lie in April Manga",
          "max_episodes": 44
        }
      ]
    },
    "Clannad": {
      "image": "https://cdn.myanimelist.net/images/anime/1804/95033l.jpg",
      "Season": [
        {
          "number": 1,
          "name": "Clannad",
          "max_episodes": 23
        },
        {
          "number": 2,
          "name": "Clannad: After Story",
          "max_episodes": 24
        }
      ],
      "Movie": [
        {
          "number": 1,
          "name": "Clannad Movie",
          "max_episodes": 1
        }
      ],
      "OAV": [
        {
          "number": 1,
          "name": "Another World: Tomoyo Chapter",
          "max_episodes": 1
        },
        {
          "number": 2,
          "name": "Another World: Kyou Chapter",
          "max_episodes": 1
        }
      ]
    },
    "Gurren Lagann": {
      "image": "https://cdn.myanimelist.net/images/anime/4/5123l.jpg",
      "Season": [
        {
          "number": 1,
          "name": "Tengen Toppa Gurren Lagann",
          "max_episodes": 27
        }
      ],
      "Movie": [
        {
          "number": 1,
          "name": "Gurren-hen",
          "max_episodes": 1
        },
        {
          "number": 2,
          "name": "Lagann-hen",
          "max_episodes": 1
        }
      ],
      "OAV": [
        {
          "number": 1,
          "name": "Parallel Works",
          "max_episodes": 15
        }
      ]
    },
    "Erased": {
      "image": "https://cdn.myanimelist.net/images/anime/10/77957l.jpg",
      "Season": [
        {
          "number": 1,
          "name": "Boku dake ga Inai Machi",
          "max_episodes": 12
        }
      ],
      "Scan": [
        {
          "number": 1,
          "name": "Erased Manga",
          "max_episodes": 49
        }
      ]
    },
    "Dr. Stone": {
      "image": "https://cdn.myanimelist.net/images/anime/1613/102576l.jpg",
      "Season": [
        {
          "number": 1,
          "name": "Season 1",
          "max_episodes": 24
        },
        {
          "number": 2,
          "name": "Stone Wars",
          "max_episodes": 11
        },
        {
          "number": 3,
          "name": "New World Part 1",
          "max_episodes": 11
        },
        {
          "number": 4,
          "name": "New World Part 2",
          "max_episodes": 11
        }
      ],
      "Special": [
        {
          "number": 1,
          "name": "Ryusui",
          "max_episodes": 1
        }
      ],
      "Scan": [
        {
          "number": 1,
          "name": "Dr. Stone Manga",
          "max_episodes": 232
        }
      ]
    },
    "Parasyte -the maxim-": {
      "image": "https://cdn.myanimelist.net/images/anime/3/73178l.jpg",
      "Season": [
        {
          "number": 1,
          "name": "Kiseijuu: Sei no Kakuritsu",
          "max_episodes": 24
        }
      ],
      "Scan": [
        {
          "number": 1,
          "name": "Parasyte Manga",
          "max_episodes": 64
        }
      ]
    },
    "Devilman Crybaby": {
      "image": "https://cdn.myanimelist.net/images/anime/3/89902l.jpg",
      "Season": [
        {
          "number": 1,
          "name": "Devilman: Crybaby",
          "max_episodes": 10
        }
      ],
      "Scan": [
        {
          "number": 1,
          "name": "Devilman Manga (Original)",
          "max_episodes": 53
        }
      ]
    },
    "Anohana: The Flower We Saw That Day": {
      "image": "https://cdn.myanimelist.net/images/anime/5/79697l.jpg",
      "Season": [
        {
          "number": 1,
          "name": "Ano Hi Mita Hana no Namae wo Bokutachi wa Mada Shiranai.",
          "max_episodes": 11
        }
      ],
      "Movie": [
        {
          "number": 1,
          "name": "Anohana: The Movie",
          "max_episodes": 1
        }
      ]
    },
    "Durarara!!": {
      "image": "https://cdn.myanimelist.net/images/anime/10/71772l.jpg",
      "Season": [
        {
          "number": 1,
          "name": "Durarara!!",
          "max_episodes": 24
        },
        {
          "number": 2,
          "name": "Durarara!!x2 Shou",
          "max_episodes": 12
        },
        {
          "number": 3,
          "name": "Durarara!!x2 Ten",
          "max_episodes": 12
        },
        {
          "number": 4,
          "name": "Durarara!!x2 Ketsu",
          "max_episodes": 12
        }
      ],
      "Special": [
        {
          "number": 1,
          "name": "Specials (Season 1)",
          "max_episodes": 2
        },
        {
          "number": 2,
          "name": "x2 Shou OVA: My Heart is Like a Hot Pot",
          "max_episodes": 1
        },
        {
          "number": 3,
          "name": "x2 Ten OVA: Onoroke Chakapoko",
          "max_episodes": 1
        },
        {
          "number": 4,
          "name": "x2 Ketsu OVA: Dufufufu!!",
          "max_episodes": 1
        }
      ],
      "Scan": [
        {
          "number": 1,
          "name": "Durarara!! Light Novels",
          "max_episodes": 13
        }
      ]
    },
    "Monogatari Series": {
      "image": "https://cdn.myanimelist.net/images/anime/11/75274l.jpg",
      "Season": [
        {
          "number": 1,
          "name": "Bakemonogatari",
          "max_episodes": 15
        },
        {
          "number": 2,
          "name": "Nisemonogatari",
          "max_episodes": 11
        },
        {
          "number": 3,
          "name": "Nekomonogatari: Kuro",
          "max_episodes": 4
        },
        {
          "number": 4,
          "name": "Monogatari Series: Second Season",
          "max_episodes": 26
        },
        {
          "number": 5,
          "name": "Hanamonogatari",
          "max_episodes": 5
        },
        {
          "number": 6,
          "name": "Tsukimonogatari",
          "max_episodes": 4
        },
        {
          "number": 7,
          "name": "Owarimonogatari",
          "max_episodes": 12
        },
        {
          "number": 8,
          "name": "Koyomimonogatari",
          "max_episodes": 12
        },
        {
          "number": 9,
          "name": "Owarimonogatari Second Season",
          "max_episodes": 7
        },
        {
          "number": 10,
          "name": "Zoku Owarimonogatari",
          "max_episodes": 6
        }
      ],
      "Movie": [
        {
          "number": 1,
          "name": "Kizumonogatari I: Tekketsu-hen",
          "max_episodes": 1
        },
        {
          "number": 2,
          "name": "Kizumonogatari II: Nekketsu-hen",
          "max_episodes": 1
        },
        {
          "number": 3,
          "name": "Kizumonogatari III: Reiketsu-hen",
          "max_episodes": 1
        }
      ],
      "Scan": [
        {
          "number": 1,
          "name": "Monogatari Series Light Novels",
          "max_episodes": 29
        }
      ]
    },
    "Puella Magi Madoka Magica": {
      "image": "https://cdn.myanimelist.net/images/anime/11/55225l.jpg",
      "Season": [
        {
          "number": 1,
          "name": "Mahou Shoujo Madoka★Magica",
          "max_episodes": 12
        }
      ],
      "Movie": [
        {
          "number": 1,
          "name": "Beginnings (Recap 1)",
          "max_episodes": 1
        },
        {
          "number": 2,
          "name": "Eternal (Recap 2)",
          "max_episodes": 1
        },
        {
          "number": 3,
          "name": "Rebellion",
          "max_episodes": 1
        },
        {
          "number": 4,
          "name": "Walpurgisnacht: Rising",
          "max_episodes": 1
        }
      ],
      "Non-Canon": [
        {
          "number": 1,
          "name": "Magia Record: Puella Magi Madoka Magica Side Story (Season 1)",
          "max_episodes": 13
        },
        {
          "number": 2,
          "name": "Magia Record: Puella Magi Madoka Magica Side Story (Season 2)",
          "max_episodes": 8
        },
        {
          "number": 3,
          "name": "Magia Record: Puella Magi Madoka Magica Side Story (Final Season)",
          "max_episodes": 4
        }
      ]
    },
    "Rascal Does Not Dream of Bunny Girl Senpai": {
      "image": "https://cdn.myanimelist.net/images/anime/1301/93586l.jpg",
      "Season": [
        {
          "number": 1,
          "name": "Seishun Buta Yarou wa Bunny Girl Senpai no Yume wo Minai",
          "max_episodes": 13
        }
      ],
      "Movie": [
        {
          "number": 1,
          "name": "Rascal Does Not Dream of a Dreaming Girl",
          "max_episodes": 1
        },
        {
          "number": 2,
          "name": "Rascal Does Not Dream of a Sister Venturing Out",
          "max_episodes": 1
        },
        {
          "number": 3,
          "name": "Rascal Does Not Dream of a Knapsack Kid",
          "max_episodes": 1
        }
      ],
      "Scan": [
        {
          "number": 1,
          "name": "Rascal Does Not Dream Light Novels",
          "max_episodes": 13
        }
      ]
    },
    "Fullmetal Alchemist (2003)": {
      "image": "https://cdn.myanimelist.net/images/anime/10/75815l.jpg",
      "Season": [
        {
          "number": 1,
          "name": "Fullmetal Alchemist",
          "max_episodes": 51
        }
      ],
      "Movie": [
        {
          "number": 1,
          "name": "Conqueror of Shamballa",
          "max_episodes": 1
        }
      ],
      "OAV": [
        {
          "number": 1,
          "name": "Reflections (Recap)",
          "max_episodes": 1
        },
        {
          "number": 2,
          "name": "Premium Collection",
          "max_episodes": 4
        }
      ]
    },
    "Rurouni Kenshin": {
      "image": "https://cdn.myanimelist.net/images/anime/7/75737l.jpg",
      "Season": [
        {
          "number": 1,
          "name": "Meiji Kenkaku Romantan (1996) S1",
          "max_episodes": 27
        },
        {
          "number": 2,
          "name": "Meiji Kenkaku Romantan (1996) S2 (Kyoto Arc)",
          "max_episodes": 34
        },
        {
          "number": 3,
          "name": "Meiji Kenkaku Romantan (1996) S3",
          "max_episodes": 34
        },
        {
          "number": 4,
          "name": "Meiji Kenkaku Romantan (2023) S1",
          "max_episodes": 24
        },
        {
          "number": 5,
          "name": "Meiji Kenkaku Romantan (2023) S2 (Kyoto Disturbance)",
          "max_episodes": 24
        }
      ],
      "Movie": [
        {
          "number": 1,
          "name": "Ishin Shishi e no Requiem",
          "max_episodes": 1
        }
      ],
      "OAV": [
        {
          "number": 1,
          "name": "Tsuioku-hen (Trust & Betrayal)",
          "max_episodes": 4
        },
        {
          "number": 2,
          "name": "Seisou-hen (Reflection)",
          "max_episodes": 2
        },
        {
          "number": 3,
          "name": "Shin Kyoto-hen",
          "max_episodes": 2
        }
      ],
      "Scan": [
        {
          "number": 1,
          "name": "Rurouni Kenshin Manga",
          "max_episodes": 259
        }
      ]
    },
    "Monster": {
      "image": "https://cdn.myanimelist.net/images/anime/10/18793l.jpg",
      "Season": [
        {
          "number": 1,
          "name": "Monster",
          "max_episodes": 74
        }
      ],
      "Scan": [
        {
          "number": 1,
          "name": "Monster Manga",
          "max_episodes": 162
        }
      ]
    },
    "Gintama": {
      "image": "https://cdn.myanimelist.net/images/anime/10/73274l.jpg",
      "Season": [
        {
          "number": 1,
          "name": "Gintama (2006)",
          "max_episodes": 201
        },
        {
          "number": 2,
          "name": "Gintama' (2011)",
          "max_episodes": 51
        },
        {
          "number": 3,
          "name": "Gintama': Enchousen (2012)",
          "max_episodes": 13
        },
        {
          "number": 4,
          "name": "Gintama° (2015)",
          "max_episodes": 51
        },
        {
          "number": 5,
          "name": "Gintama. (2017)",
          "max_episodes": 12
        },
        {
          "number": 6,
          "name": "Gintama.: Porori-hen (2017)",
          "max_episodes": 13
        },
        {
          "number": 7,
          "name": "Gintama.: Shirogane no Tamashii-hen (2018)",
          "max_episodes": 12
        },
        {
          "number": 8,
          "name": "Gintama.: Shirogane no Tamashii-hen - Kouhan-sen (2018)",
          "max_episodes": 14
        }
      ],
      "Movie": [
        {
          "number": 1,
          "name": "Shinyaku Benizakura-hen",
          "max_episodes": 1
        },
        {
          "number": 2,
          "name": "Kanketsu-hen - Yorozuya yo Eien Nare",
          "max_episodes": 1
        },
        {
          "number": 3,
          "name": "The Final",
          "max_episodes": 1
        }
      ],
      "OAV": [
        {
          "number": 1,
          "name": "Jump Festa Anime Tour OVAs",
          "max_episodes": 4
        },
        {
          "number": 2,
          "name": "Aizome Kaori-hen",
          "max_episodes": 2
        }
      ],
      "Special": [
        {
          "number": 1,
          "name": "The Semi-Final",
          "max_episodes": 2
        }
      ],
      "Scan": [
        {
          "number": 1,
          "name": "Gintama Manga",
          "max_episodes": 704
        }
      ]
    },
    "Steins;Gate": {
      "image": "https://m.media-amazon.com/images/M/MV5BZjI1YjZiMDUtZTI3MC00YTA5LWIzMmMtZmQ0NTZiYWM4NTYwXkEyXkFqcGc@._V1_FMjpg_UX1000_.jpg",
      "Season": [
        {
          "number": 1,
          "name": "Steins;Gate",
          "max_episodes": 24
        },
        {
          "number": 2,
          "name": "Steins;Gate 0",
          "max_episodes": 23
        }
      ],
      "Movie": [
        {
          "number": 1,
          "name": "Load Region of Déjà vu",
          "max_episodes": 1
        }
      ],
      "OAV": [
        {
          "number": 1,
          "name": "Special Episode: Egoistic Poriomania",
          "max_episodes": 1
        },
        {
          "number": 2,
          "name": "Steins;Gate 0 Special: Valentine's of Crystal Polymorphism",
          "max_episodes": 1
        }
      ],
      "Special": [
         {
           "number": 1,
           "name": "Cognitive Computing (ONA Shorts)",
           "max_episodes": 4
         }
      ]
    },
    "Vinland Saga": {
      "image": "https://fr.web.img4.acsta.net/pictures/19/09/16/17/09/4903250.jpg",
      "Season": [
        {
          "number": 1,
          "name": "Season 1",
          "max_episodes": 24
        },
        {
          "number": 2,
          "name": "Season 2",
          "max_episodes": 24
        }
      ],
      "Scan": [
        {
          "number": 1,
          "name": "Vinland Saga Manga",
          "max_episodes": 212
        }
      ]
    },
    "Mob Psycho 100": {
      "image": "https://fr.web.img2.acsta.net/pictures/20/11/12/14/25/3371142.jpg",
      "Season": [
        {
          "number": 1,
          "name": "Mob Psycho 100",
          "max_episodes": 12
        },
        {
          "number": 2,
          "name": "Mob Psycho 100 II",
          "max_episodes": 13
        },
        {
          "number": 3,
          "name": "Mob Psycho 100 III",
          "max_episodes": 12
        }
      ],
      "OAV": [
        {
          "number": 1,
          "name": "Reigen - The Miraculous Unknown Psychic",
          "max_episodes": 1
        },
        {
          "number": 2,
          "name": "The First Spirits and Such Company Trip",
          "max_episodes": 1
        }
      ],
       "Special": [
         {
           "number": 1,
           "name": "Mini Specials (Season 1)",
           "max_episodes": 6
         }
      ]
    },
    "Made in Abyss": {
      "image": "https://m.media-amazon.com/images/S/pv-target-images/4bc953c9edc3c2e58ce28b82bfdcad85adfa2189440f70ba8daed74e072182c3.jpg",
      "Season": [
        {
          "number": 1,
          "name": "Season 1",
          "max_episodes": 13
        },
        {
          "number": 2,
          "name": "The Golden City of the Scorching Sun",
          "max_episodes": 12
        }
      ],
      "Movie": [
        {
          "number": 1,
          "name": "Journey's Dawn (Recap)",
          "max_episodes": 1
        },
        {
          "number": 2,
          "name": "Wandering Twilight (Recap)",
          "max_episodes": 1
        },
        {
          "number": 3,
          "name": "Dawn of the Deep Soul",
          "max_episodes": 1
        }
      ],
      "Scan": [
        {
          "number": 1,
          "name": "Made in Abyss Manga",
          "max_episodes": 67
        }
      ]
    },
    "The Promised Neverland": {
      "image": "https://fr.web.img4.acsta.net/pictures/20/02/26/09/12/3483516.jpg",
      "Season": [
        {
          "number": 1,
          "name": "Season 1",
          "max_episodes": 12
        },
        {
          "number": 2,
          "name": "Season 2",
          "max_episodes": 11
        }
      ],
       "Special": [
         {
           "number": 1,
           "name": "Omake",
           "max_episodes": 3
         }
      ],
      "Scan": [
        {
          "number": 1,
          "name": "The Promised Neverland Manga",
          "max_episodes": 181
        }
      ]
    },
    "Violet Evergarden": {
      "image": "https://fr.web.img5.acsta.net/pictures/19/07/08/14/30/4126186.jpg",
      "Season": [
        {
          "number": 1,
          "name": "Violet Evergarden",
          "max_episodes": 13
        }
      ],
      "Movie": [
        {
          "number": 1,
          "name": "Eternity and the Auto Memory Doll",
          "max_episodes": 1
        },
        {
          "number": 2,
          "name": "Violet Evergarden: The Movie",
          "max_episodes": 1
        }
      ],
      "Special": [
        {
          "number": 1,
          "name": "Kitto \"Ai\" wo Shiru Hi ga Kuru no Darou",
          "max_episodes": 1
        }
      ]
    },
    "Mushishi": {
       "image": "https://m.media-amazon.com/images/I/71O1OqGCWLL.jpg",
       "Season": [
         {
           "number": 1,
           "name": "Mushishi",
           "max_episodes": 26
         },
         {
           "number": 2,
           "name": "Mushishi Zoku Shou",
           "max_episodes": 10
         },
         {
           "number": 3,
           "name": "Mushishi Zoku Shou 2nd Season",
           "max_episodes": 10
         }
       ],
       "Movie": [
         {
           "number": 1,
           "name": "Mushishi Zoku Shou: Suzu no Shizuku",
           "max_episodes": 1
         }
       ],
       "Special": [
         {
           "number": 1,
           "name": "Mushishi Special: Hihamukage",
           "max_episodes": 1
         },
          {
           "number": 2,
           "name": "Mushishi Zoku Shou: Odoro no Michi",
           "max_episodes": 1
         }
       ],
       "Scan": [
         {
           "number": 1,
           "name": "Mushishi Manga",
           "max_episodes": 50
         }
       ]
     },
    "Kill la Kill": {
      "image": "https://upload.wikimedia.org/wikipedia/en/a/a9/Killlakillpromo.jpg",
      "Season": [
        {
          "number": 1,
          "name": "Kill la Kill",
          "max_episodes": 24
        }
      ],
      "Special": [
        {
          "number": 1,
          "name": "Goodbye Again",
          "max_episodes": 1
        }
      ]
    },
    "Re:ZERO -Starting Life in Another World-": {
      "image": "https://fr.web.img5.acsta.net/pictures/20/04/17/15/18/4142036.jpg",
      "Season": [
        {
          "number": 1,
          "name": "Season 1",
          "max_episodes": 25
        },
        {
          "number": 2,
          "name": "Season 2 Part 1",
          "max_episodes": 13
        },
        {
          "number": 3,
          "name": "Season 2 Part 2",
          "max_episodes": 12
        }
      ],
      "OAV": [
        {
          "number": 1,
          "name": "Memory Snow",
          "max_episodes": 1
        },
        {
          "number": 2,
          "name": "The Frozen Bond",
          "max_episodes": 1
        }
      ],
      "Special": [
         {
           "number": 1,
           "name": "Break Time Shorts (S1)",
           "max_episodes": 25
         },
         {
           "number": 2,
           "name": "Break Time Shorts (S2)",
           "max_episodes": 25
         }
      ],
      "Scan": [
        {
          "number": 1,
          "name": "Re:ZERO Light Novels",
          "max_episodes": 37
        }
      ]
    },
    "Toradora!": {
      "image": "https://m.media-amazon.com/images/M/MV5BNjEyZmRmMGYtNGY1Zi00MTFiLWE0ZTMtNzUzMWJmMTgzNWE5XkEyXkFqcGc@._V1_FMjpg_UX1000_.jpg",
      "Season": [
        {
          "number": 1,
          "name": "Toradora!",
          "max_episodes": 25
        }
      ],
      "OAV": [
        {
          "number": 1,
          "name": "The True Meaning of Bento",
          "max_episodes": 1
        }
      ],
      "Special": [
        {
          "number": 1,
          "name": "SOS! Hurray for Gourmands",
          "max_episodes": 4
        }
      ]
    }
  }
}