{
  "selectedLanguage": "fr",
  "fr": {
    "name": "Français",
    "translations": {
      "appTitle": "Liste d'Animes",
      "navbarTitle": "Liste d'Animes",
      "windowTitle": "Liste d'Animes",
      "minimize": "Minimiser",
      "maximize": "Agrandir",
      "restore": "Restaurer",
      "close": "Fermer",
      "toggleSidebar": "Basculer la barre latérale",
      "sidebarStatusTitle": "Statut",
      "filterAll": "Tout",
      "filterWatching": "En cours",
      "filterPlanToWatch": "À Regarder",
      "filterCompleted": "Terminé",
      "filterOnHold": "En Pause",
      "filterDropped": "Abandonné",
      "sidebarManageTitle": "Gestion",
      "sidebarDataButton": "Données",
      "addButtonTitle": "Ajouter un Anime",
      "addButtonText": "+",
      "dataViewTitle": "Gestion des Données",
      "dataViewDescription": "Importer ou exporter votre liste d'animes. L'importation peut remplacer ou fusionner les données.",
      "dataImportButton": "Importer (.json)",
      "dataExportButton": "Exporter (.json)",
      "dataDangerZoneTitle": "Zone Dangereuse",
      "dataDangerZoneDescription": "Attention, cette action est irréversible et supprimera toute votre liste.",
      "dataClearButton": "Supprimer toutes les données",
      "footerCopyright": "Anime List Copyright© ",
      "footerRights": " Tous droits réservés.",
      "cardStatusTitle": "Changer le statut",
      "cardEpisodesLabel": "Épisodes: ",
      "cardMinusEpTitle": "Diminuer épisodes vus",
      "cardDetailsButtonText": "Détails",
      "cardDetailsButtonTitle": "Afficher les détails",
      "cardPlusEpTitle": "Augmenter épisodes vus",
      "loadingCardsMsg": "Chargement des animes...",
      "noAnimeMsgBase": "Aucun anime.",
      "noAnimeMsgAddPrompt": " Cliquez sur \"+\" pour en ajouter.",
      "noAnimeMsgFilter": "Aucun anime avec le statut \"{status}\".",
      "noAnimeMsgStatusFilter": "Aucun anime avec le statut \"{status}\".",
      "noAnimeMsgTypeFilter": "Aucun anime avec le type \"{type}\".",
      "noAnimeMsgCombinedFilter": "Aucun anime correspondant au Type : {type} et Statut : {status}.",
      "errorLoadingCardsMsg": "Erreur chargement: {error}",
      "errorLoadingDataMsg": "Erreur: Impossible de charger les données (format invalide).",
      "errorDataCorrupt": "Données corrompues.",
      "errorOccurred": "Une erreur est survenue.",
      "operationSuccess": "Opération réussie!",
      "errorLoadingSeasonTypes": "Erreur chargement des types de saison.",
      "swalAddTitle": "Ajouter un nouvel Anime (Manuel)",
      "swalAddNamePlaceholder": "Titre de l'anime",
      "swalAddEpisodesPlaceholder": "Nombre total d'épisodes",
      "swalAddImagePlaceholder": "URL de l'image (optionnel)",
      "swalAddButton": "Ajouter",
      "swalCancelButton": "Annuler",
      "swalValidationTitle": "Titre requis",
      "swalValidationEpisodes": "Nb Épisodes valide (>= 0) requis",
      "toastAdding": "Ajout en cours...",
      "toastAddedSuccess": "Anime ajouté !",
      "toastAddedError": "Échec ajout.",
      "toastErrorUnexpected": "Erreur inattendue.",
      "swalDetailsOfficialTitle": "Titre Officiel:",
      "swalDetailsUnknown": "Inconnu",
      "swalDetailsWatched": "Épisodes Vus:",
      "swalDetailsStatus": "Statut:",
      "swalCloseButton": "Fermer",
      "swalDeleteButton": "Supprimer",
      "swalDeleteConfirmTitle": "Êtes-vous sûr?",
      "swalDeleteConfirmHtml": "Voulez-vous vraiment supprimer {title} ?<br>Cette action est irréversible.",
      "swalDeleteConfirmButton": "Oui, supprimer !",
      "toastStatusUpdateSuccess": "Statut mis à jour",
      "toastStatusUpdateError": "Erreur.",
      "toastEpisodeUpdateError": "Erreur.",
      "toastCommError": "Erreur comm.",
      "toastDeleteSuccess": "Anime supprimé.",
      "toastDeleteError": "Erreur suppression.",
      "toastErrorIPC": "Erreur communication suppression.",
      "toastImportCancelled": "Importation annulée.",
      "swalImportModeTitle": "Mode d'importation",
      "swalImportModeHtml": "Comment importer depuis {filename}?",
      "swalImportModeOverwrite": "Remplacer la liste actuelle",
      "swalImportModeMerge": "Fusionner (ajoute les nouveaux animes)",
      "swalImportModeValidation": "Vous devez choisir une option!",
      "swalImportModeNext": "Suivant →",
      "swalImportConfirmTitle": "Confirmer l'importation?",
      "swalImportConfirmOverwrite": "Êtes-vous sûr de vouloir remplacer toutes vos données actuelles?",
      "swalImportConfirmMerge": "Êtes-vous sûr de vouloir fusionner ce fichier avec vos données actuelles?",
      "swalImportConfirmButtonOverwrite": "Oui, Remplacer !",
      "swalImportConfirmButtonMerge": "Oui, Fusionner !",
      "toastImporting": "Importation en cours...",
      "toastImportSuccess": "Importation réussie ({count} animes traités).",
      "toastImportError": "Erreur d'importation.",
      "swalImportErrorTitle": "Erreur",
      "swalImportErrorTextDefault": "Une erreur inconnue est survenue lors de l'importation.",
      "swalImportErrorIPC": "Erreur IPC",
      "swalImportErrorIPCText": "Une erreur de communication est survenue lors de l'importation.",
      "toastExportSuccess": "Exportation réussie!",
      "toastExportError": "Erreur d'exportation.",
      "toastExportCancelled": "Exportation annulée.",
      "swalClearConfirmTitle": "Êtes-vous VRAIMENT sûr?",
      "swalClearConfirmHtml": "Ceci va <strong>supprimer DÉFINITIVEMENT</strong> toute votre liste d'animes.<br>Cette action est IRREVERSIBLE !",
      "swalClearConfirmButton": "Oui, tout supprimer !",
      "toastClearing": "Suppression en cours...",
      "toastClearSuccess": "Données supprimées.",
      "toastClearError": "Erreur suppression.",
      "seasonTypeSeason": "Saison",
      "seasonTypeOVA": "OVA",
      "seasonTypeMovie": "Film",
      "seasonTypeSpecial": "Spécial",
      "seasonTypeScan": "Scan",
      "seasonTypeNonCanon": "Non-Canon",
      "swalAddSeasonTypeLabel": "Type",
      "swalAddSeasonNumberLabel": "Numéro Saison",
      "swalAddMovieNumberLabel": "Numéro Film",
      "swalAddOVANumberLabel": "Numéro OVA",
      "swalAddSpecialNumberLabel": "Numéro Spécial",
      "swalAddScanNumberLabel": "Numéro Scan",
      "swalAddNonCanonNumberLabel": "Numéro",
      "swalAddSeasonTypePlaceholder": "Choisir un type",
      "swalAddSeasonNumberPlaceholder": "Numéro (ex: 1)",
      "swalValidationSeasonType": "Type requis",
      "swalValidationSeasonNumber": "Numéro Saison valide (>= 1) requis pour le type 'Saison'",
      "swalDetailsType": "Type:",
      "swalDetailsNumber": "Numéro:",
      "swalDetailsNumberNA": "N/A",
      "sidebarTypeTitle": "Type",
      "filterAllTypes": "Tous Types",
      "swalDetailsSeason": "Saison:",
      "swalDetailsSeasonNA": "N/A",
      "swalDetailsWatchedSimple": "Vu:",
      "swalDetailsTotalEpisodes": "Épisodes Max:",
      "yes": "Oui",
      "no": "Non",
      "cardMarkAsWatchedTitle": "Marquer comme vu",
      "cardMarkAsUnwatchedTitle": "Marquer comme non vu",
      "addAnimeMethodTitle": "Méthode d'ajout d'Anime",
      "addAnimeMethodText": "Choisissez comment ajouter l'anime.",
      "addAnimeMethodAutomatic": "Automatique",
      "addAnimeMethodManual": "Manuel",
      "autoAddCancel": "Annuler",
      "autoAddContinue": "Continuer",
      "autoAddBack": "Retour",
      "autoAddConfirmEntry": "Ajouter cette entrée",
      "autoAddSelectTitleHeading": "Sélectionnez le Titre (Auto - Étape 1)",
      "autoAddSelectEntryHeading": "Sélectionnez l'Entrée pour {title} (Auto - Étape 2)",
      "autoAddLoadingTitles": "Chargement des titres...",
      "autoAddLoadingEntries": "Chargement des entrées pour {title}...",
      "autoAddNoEntries": "Aucune entrée prédéfinie trouvée pour {title}.",
      "autoAddSelectAnEntry": "Veuillez sélectionner une entrée.",
      "autoAddSelectAll": "Tout Sélectionner",
      "autoAddDeselectAll": "Tout Désélectionner",
      "addedNEntriesSuccess": "{count} entrées ajoutées avec succès.",
      "addedNFailedMError": "{n} entrées ajoutées, {m} ont échoué. Erreur: {error}"
    }
  },
  "en": {
    "name": "English",
    "translations": {
      "appTitle": "Anime List",
      "navbarTitle": "Anime List",
      "windowTitle": "Anime List",
      "minimize": "Minimize",
      "maximize": "Maximize",
      "restore": "Restore",
      "close": "Close",
      "toggleSidebar": "Toggle Sidebar",
      "sidebarStatusTitle": "Status",
      "filterAll": "All",
      "filterWatching": "Watching",
      "filterPlanToWatch": "Plan to Watch",
      "filterCompleted": "Completed",
      "filterOnHold": "On Hold",
      "filterDropped": "Dropped",
      "sidebarManageTitle": "Manage",
      "sidebarDataButton": "Data",
      "addButtonTitle": "Add Anime",
      "addButtonText": "+",
      "dataViewTitle": "Data Management",
      "dataViewDescription": "Import or export your anime list. Importing can replace or merge data.",
      "dataImportButton": "Import (.json)",
      "dataExportButton": "Export (.json)",
      "dataDangerZoneTitle": "Danger Zone",
      "dataDangerZoneDescription": "Warning, this action is irreversible and will delete your entire list.",
      "dataClearButton": "Delete all data",
      "footerCopyright": "Anime List Copyright© ",
      "footerRights": " All rights reserved.",
      "cardStatusTitle": "Change status",
      "cardEpisodesLabel": "Episodes: ",
      "cardMinusEpTitle": "Decrease watched episodes",
      "cardDetailsButtonText": "Details",
      "cardDetailsButtonTitle": "Show details",
      "cardPlusEpTitle": "Increase watched episodes",
      "loadingCardsMsg": "Loading animes...",
      "noAnimeMsgBase": "No animes.",
      "noAnimeMsgAddPrompt": " Click \"+\" to add some.",
      "noAnimeMsgFilter": "No animes with status \"{status}\".",
      "noAnimeMsgStatusFilter": "No animes with status \"{status}\".",
      "noAnimeMsgTypeFilter": "No animes with type \"{type}\".",
      "noAnimeMsgCombinedFilter": "No animes matching Type: {type} and Status: {status}.",
      "errorLoadingCardsMsg": "Error loading: {error}",
      "errorLoadingDataMsg": "Error: Could not load data (invalid format).",
      "errorDataCorrupt": "Data corrupted.",
      "errorOccurred": "An error occurred.",
      "operationSuccess": "Operation successful!",
      "errorLoadingSeasonTypes": "Error loading season types.",
      "swalAddTitle": "Add New Anime (Manual)",
      "swalAddNamePlaceholder": "Anime title",
      "swalAddEpisodesPlaceholder": "Total episodes",
      "swalAddImagePlaceholder": "Image URL (optional)",
      "swalAddButton": "Add",
      "swalCancelButton": "Cancel",
      "swalValidationTitle": "Title required",
      "swalValidationEpisodes": "Valid episode count (>= 0) required",
      "toastAdding": "Adding...",
      "toastAddedSuccess": "Anime added!",
      "toastAddedError": "Failed to add.",
      "toastErrorUnexpected": "Unexpected error.",
      "swalDetailsOfficialTitle": "Official Title:",
      "swalDetailsUnknown": "Unknown",
      "swalDetailsWatched": "Watched Episodes:",
      "swalDetailsStatus": "Status:",
      "swalCloseButton": "Close",
      "swalDeleteButton": "Delete",
      "swalDeleteConfirmTitle": "Are you sure?",
      "swalDeleteConfirmHtml": "Do you really want to delete {title}?<br>This action is irreversible.",
      "swalDeleteConfirmButton": "Yes, delete it!",
      "toastStatusUpdateSuccess": "Status updated",
      "toastStatusUpdateError": "Error.",
      "toastEpisodeUpdateError": "Error.",
      "toastCommError": "Comm. error.",
      "toastDeleteSuccess": "Anime deleted.",
      "toastDeleteError": "Error deleting.",
      "toastErrorIPC": "Error communicating deletion.",
      "toastImportCancelled": "Import cancelled.",
      "swalImportModeTitle": "Import Mode",
      "swalImportModeHtml": "How to import from {filename}?",
      "swalImportModeOverwrite": "Replace current list",
      "swalImportModeMerge": "Merge (adds new animes)",
      "swalImportModeValidation": "You must choose an option!",
      "swalImportModeNext": "Next →",
      "swalImportConfirmTitle": "Confirm Import?",
      "swalImportConfirmOverwrite": "Are you sure you want to replace all your current data?",
      "swalImportConfirmMerge": "Are you sure you want to merge this file with your current data?",
      "swalImportConfirmButtonOverwrite": "Yes, Replace!",
      "swalImportConfirmButtonMerge": "Yes, Merge!",
      "toastImporting": "Importing...",
      "toastImportSuccess": "Import successful ({count} animes processed).",
      "toastImportError": "Import error.",
      "swalImportErrorTitle": "Error",
      "swalImportErrorTextDefault": "An unknown error occurred during import.",
      "swalImportErrorIPC": "IPC Error",
      "swalImportErrorIPCText": "A communication error occurred during import.",
      "toastExportSuccess": "Export successful!",
      "toastExportError": "Export error.",
      "toastExportCancelled": "Export cancelled.",
      "swalClearConfirmTitle": "Are you REALLY sure?",
      "swalClearConfirmHtml": "This will <strong>PERMANENTLY DELETE</strong> your entire anime list.<br>This action is IRREVERSIBLE!",
      "swalClearConfirmButton": "Yes, delete everything!",
      "toastClearing": "Deleting...",
      "toastClearSuccess": "Data deleted.",
      "toastClearError": "Error deleting data.",
      "seasonTypeSeason": "Season",
      "seasonTypeOVA": "OVA",
      "seasonTypeMovie": "Movie",
      "seasonTypeSpecial": "Special",
      "seasonTypeScan": "Scan",
      "seasonTypeNonCanon": "Non-Canon",
      "swalAddSeasonTypeLabel": "Type",
      "swalAddSeasonNumberLabel": "Season Number",
      "swalAddMovieNumberLabel": "Movie Number",
      "swalAddOVANumberLabel": "OVA Number",
      "swalAddSpecialNumberLabel": "Special Number",
      "swalAddScanNumberLabel": "Scan Number",
      "swalAddNonCanonNumberLabel": "Number",
      "swalAddSeasonTypePlaceholder": "Select type",
      "swalAddSeasonNumberPlaceholder": "Number (e.g., 1)",
      "swalValidationSeasonType": "Type required",
      "swalValidationSeasonNumber": "Valid Season number (>= 1) required for type 'Season'",
      "swalDetailsType": "Type:",
      "swalDetailsNumber": "Number:",
      "swalDetailsNumberNA": "N/A",
      "sidebarTypeTitle": "Type",
      "filterAllTypes": "All Types",
      "swalDetailsSeason": "Season:",
      "swalDetailsSeasonNA": "N/A",
      "swalDetailsWatchedSimple": "Watched:",
      "swalDetailsTotalEpisodes": "Max Episodes:",
      "yes": "Yes",
      "no": "No",
      "cardMarkAsWatchedTitle": "Mark as Watched",
      "cardMarkAsUnwatchedTitle": "Mark as Unwatched",
      "addAnimeMethodTitle": "Add Anime Method",
      "addAnimeMethodText": "Choose how you want to add the anime.",
      "addAnimeMethodAutomatic": "Automatic",
      "addAnimeMethodManual": "Manual",
      "autoAddCancel": "Cancel",
      "autoAddContinue": "Continue",
      "autoAddBack": "Back",
      "autoAddConfirmEntry": "Add Selected Entry",
      "autoAddSelectTitleHeading": "Select Title (Auto Add - Step 1)",
      "autoAddSelectEntryHeading": "Select Entry for {title} (Auto Add - Step 2)",
      "autoAddLoadingTitles": "Loading titles...",
      "autoAddLoadingEntries": "Loading entries for {title}...",
      "autoAddNoEntries": "No predefined entries found for {title}.",
      "autoAddSelectAnEntry": "Please select an entry.",
      "autoAddSelectAll": "Select All",
      "autoAddDeselectAll": "Deselect All",
      "addedNEntriesSuccess": "Successfully added {count} entries.",
      "addedNFailedMError": "Added {n} entries, {m} failed. Error: {error}"
    }
  }
}
